{"s": 1.2054657999316822, "th": 3.1295078963692173, "tx": 571.8311683141011, "tz": -555.5583249408282, "mir": true}